2009140001,,今日推荐,101,101,,100,,1,,0,
1,2009140001,猪猪大营救,101,0,icon_slice,0,猪猪那么可爱，怎么能吃猪猪呢，快来帮助猪猪逃出养猪场！,1,,1,https://cdnminigame.lightlygame.com/gc/slice2/
2,2009140001,装扮天使,1,0,icon_girl5,1,帮助来到人间的天使搭配最可爱的装扮！,1,,1,https://cdnminigame.lightlygame.com/gc/girl3_1/
3,2009140001,女孩爱美妆,1,0,icon_girl,2,少女安娜想要成为美妆设计师，快来帮助安娜设计好看的妆容！,1,,1,https://cdnminigame.lightlygame.com/gc/girl_1/
4,2009140001,美妆设计师,1,0,icon_face,3,快来一起为女孩画上最美的妆容~,1,,1,https://cdnminigame.lightlygame.com/gc/face1/
5,2009140001,小小白衣天使,1,0,icon_doctor,4,快来和白衣天使一起消灭病毒~,1,,1,https://cdnminigame.lightlygame.com/gc/doctor4/
6,2009140001,时尚装扮达人,1,0,icon_girl3,5,快来设计最时尚的装扮，帮助模特成为巴黎时装秀上最闪耀的明星！,1,,1,https://cdnminigame.lightlygame.com/gc/girl5_1/
2009140003,,创意游戏,102,101,,102,,1,,0,
1,2009140003,女孩爱美妆,1,0,icon_girl,0,少女安娜想要成为美妆设计师，快来帮助安娜设计好看的妆容！,1,,1,https://cdnminigame.lightlygame.com/gc/girl_1/
2,2009140003,时尚装扮达人,1,0,icon_girl3,1,快来设计最时尚的装扮，帮助模特成为巴黎时装秀上最闪耀的明星！,1,,1,https://cdnminigame.lightlygame.com/gc/girl5_1/
3,2009140003,美妆设计师,1,0,icon_face,2,快来一起为女孩画上最美的妆容~,1,,1,https://cdnminigame.lightlygame.com/gc/face1/
4,2009140003,猪猪大营救,1,0,icon_slice,3,猪猪那么可爱，怎么能吃猪猪呢，快来帮助猪猪逃出养猪场！,1,,1,https://cdnminigame.lightlygame.com/gc/slice2/
5,2009140003,装扮天使,1,0,icon_girl5,4,帮助来到人间的天使搭配最可爱的装扮！,1,,1,https://cdnminigame.lightlygame.com/gc/girl3_1/
6,2009140003,小小白衣天使,1,0,icon_doctor,5,快来和白衣天使一起消灭病毒~,1,,1,https://cdnminigame.lightlygame.com/gc/doctor4/
2009140006,,排行榜,104,201,,100,,1,,0,
1,2009140006,时尚装扮达人,3,0,icon_girl3,0,快来设计最时尚的装扮，帮助模特成为巴黎时装秀上最闪耀的明星！,1,,1,https://cdnminigame.lightlygame.com/gc/girl5_1/
2,2009140006,小小白衣天使,3,0,icon_doctor,1,快来和白衣天使一起消灭病毒~,1,,1,https://cdnminigame.lightlygame.com/gc/doctor4/
3,2009140006,美妆设计师,3,0,icon_face,2,快来一起为女孩画上最美的妆容~,1,,1,https://cdnminigame.lightlygame.com/gc/face1/
4,2009140006,装扮天使,3,0,icon_girl5,3,帮助来到人间的天使搭配最可爱的装扮！,1,,1,https://cdnminigame.lightlygame.com/gc/girl3_1/
5,2009140006,猪猪大营救,3,0,icon_slice,4,猪猪那么可爱，怎么能吃猪猪呢，快来帮助猪猪逃出养猪场！,1,,1,https://cdnminigame.lightlygame.com/gc/slice2/
6,2009140006,女孩爱美妆,3,0,icon_girl,5,少女安娜想要成为美妆设计师，快来帮助安娜设计好看的妆容！,1,,1,https://cdnminigame.lightlygame.com/gc/girl_1/